time,open,high,low,close,Volume
1254700800,0.00076392,0.00120045,0.00076392,0.00115338,
1255305600,0.00110205,0.00124491,0.00110205,0.00122546,
1255910400,0.00124799,0.00128808,0.00121062,0.00128808,
1256515200,0.00126622,0.00128455,0.00121911,0.00121911,
1257120000,0.00125614,0.00130618,0.00125614,0.00126048,
1257724800,0.00126048,0.00135534,0.00123576,0.00123576,
1258329600,0.00118912,0.00118912,0.00105922,0.00105922,
1258934400,0.00100038,0.00100038,0.00082926,0.00082926,
1259539200,0.00082384,0.00082384,0.00073284,0.00073284,
1260144000,0.00071822,0.00071822,0.00061788,0.00061788,
1260748800,0.00061487,0.00063024,0.00061337,0.0006271,
1261353600,0.0006271,0.0006334,0.0006271,0.0006334,
1261958400,0.0006334,0.00071822,0.0006334,0.00071822,
1262563200,0.00071822,0.00071822,0.00071822,0.00071822,
1263168000,0.00071822,0.00283078,0.00071822,0.00280002,
1263772800,0.00294594,0.00325203,0.00273583,0.00325203,
1264377600,0.00325404,0.0033661,0.00318532,0.00329826,
1264982400,0.00329674,0.00373511,0.00329674,0.00373511,
1265587200,0.00379478,0.00405351,0.00379478,0.00405351,
1266192000,0.00414731,0.00466157,0.00414731,0.00466157,
1266796800,0.0047061,0.00529801,0.0047061,0.00529801,
1267401600,0.00539695,0.00547226,0.00539695,0.00547226,
1271635200,0.003,0.003,0.003,0.003,
1272240000,0.003,0.003,0.003,0.003,
1272844800,0.003,0.0043,0.003,0.0035,
1273449600,0.0039,0.0044,0.0039,0.004,
1274054400,0.0047,0.0049,0.0043,0.0045,
1274659200,0.0048,0.0048,0.0045,0.0045,
1275868800,0.0046,0.005,0.0045,0.005,
1276473600,0.005,0.005,0.005,0.005,
1277078400,0.005,0.0054,0.0044,0.0044,
1277683200,0.005,0.0068,0.0044,0.0068,
1278288000,0.0055,0.0084,0.0055,0.007,
1278892800,0.012,0.0925,0.01,0.08584,
1279497600,0.0909,0.09307,0.05049,0.0505,
1280102400,0.05,0.0699,0.05,0.0611,
1280707200,0.0625,0.065,0.057,0.0609,
1281312000,0.06091,0.07541,0.0593,0.06529,
1281916800,0.06319,0.0769,0.0612,0.066,
1282521600,0.066,0.06689,0.063,0.064,
1283126400,0.0646,0.069,0.03211,0.0616,
1283731200,0.0627,0.065,0.06014,0.0615,
1284336000,0.062,0.175,0.05761,0.0627,
1284940800,0.0621,0.0634,0.06147,0.062,
1285545600,0.06205,0.06271,0.061,0.06111,
1286150400,0.06119,0.1301,0.01,0.0965,
1286755200,0.091,0.119,0.065,0.102,
1287360000,0.103,0.19,0.094,0.11501,
1287964800,0.09009,0.199,0.09009,0.1925,
1288569600,0.1925,0.5,0.125,0.34,
1289174400,0.3459,0.37,0.14,0.27904,
1289779200,0.27904,0.29,0.2116,0.27675,
1290384000,0.27679,0.289,0.269,0.27,
1290988800,0.279,0.279,0.19,0.19,
1291593600,0.225,0.2477,0.1701,0.22,
1292198400,0.21,0.255,0.21,0.2401,
1292803200,0.2401,0.275,0.24,0.265,
1293408000,0.251,0.301,0.251,0.29997,
1294012800,0.29,0.323,0.289,0.323,
1294617600,0.32291,0.45,0.3175,0.38679,
1295222400,0.38679,0.4443,0.305,0.4424,
1295827200,0.4424,0.48,0.381,0.4799,
1296432000,0.47981,0.95,0.47,0.8975,
1297036800,0.89968,1.1,0.8,1.05,
1297641600,1.04,1.085,0.78009,0.85,
1298246400,0.8313,1,0.8313,0.89,
1298851200,0.89009,0.97,0.81,0.8999,
1299456000,0.87,0.9329,0.846,0.89249,
1300060800,0.89249,0.9,0.70999,0.74108,
1300665600,0.76145,0.905,0.7405,0.822,
1301270400,0.82,0.85,0.76,0.779,
1301875200,0.777,0.799,0.5619,0.7369,
1302480000,0.73752,1.14,0.7103,1.1123,
1303084800,1.13888,1.95,1.1103,1.6311,
1303689600,1.631,4.14996,1.52109,3.03311,
1304294400,3.0988,3.937,3.029,3.8659,
1304899200,3.8696,8.9,3.6905,6.98701,
1305504000,6.9899,8.5,5.5772,6.6901,
1306108800,6.6901,9.33,6.68999,8.4299,
1306713600,8.4483,18.998,8.1,16.7,
1307318400,16.7,31.9099,10.25,18.5464,
1307923200,18.5479,24.5,13,17.51,
1309132800,16.45001,18,15,15.44049,
1309737600,15.4407,16.5,11,14.9,
1310342400,14.9,15.1999,13.021,13.16,
1310947200,13.16,14.7,12.51,13.98001,
1311552000,13.98001,14.8999,12.82922,13.35,
1312156800,13.3503,13.5501,5.742,7.9,
1312761600,7.9,12.1,7.055,10.7957,
1313366400,10.7921,11.89,10.661,11.31125,
1313971200,11.31125,11.501,7.642,9.07011,
1314576000,9.07021,9.27027,7.85,8.17798,
1315180800,8.12796,8.19142,4.18,5.86435,
1315785600,5.94,6.58212,4.44,5.2,
1316390400,5.2021,6.795,4.9,5.33,
1316995200,5.32999,5.4,4.625,5.02701,
1317600000,5.02701,5.0399,3.7819,4.10288,
1318204800,4.1,4.45,3.4,3.55701,
1318809600,3.55711,3.74,2.0401,3.17,
1319414400,3.127,3.82717,2.44034,3.27,
1320019200,3.275,3.35,2.85,2.95959,
1320624000,2.95913,3.21,2.80011,2.99686,
1321228800,2.99573,2.99573,1.994,2.2,
1321833600,2.2,2.56,2.17,2.47991,
1322438400,2.47991,3.14,2.44,2.82809,
1323043200,2.82806,3.38,2.7807,3.2511,
1323648000,3.25001,3.2901,2.99401,3.193,
1324252800,3.193,4.5,3.18933,4.225,
1324857600,4.225,5.4999,3.81,5.26766,
1325462400,5.26346,7.22,4.65,7.11358,
1326067200,7.08362,7.191,5.81,7.00177,
1326672000,7.00177,7.18888,4.64,6.3097,
1327276800,6.3096,6.39397,5.05,5.3809,
1327881600,5.38,6.2,5.36694,5.68881,
1328486400,5.659,6,5.3,5.51468,
1329091200,5.51468,5.72,3.878,4.38669,
1329696000,4.36102,5.19778,4.212,4.922,
1330300800,4.922,5,4.51,4.82001,
1330905600,4.82003,5.07,4.753,4.91,
1331510400,4.90891,5.45,4.8561,5.27943,
1332115200,5.2553,5.3099,4.3,4.55001,
1332720000,4.55001,4.95,4.49,4.827,
1333324800,4.78207,5.08,4.62,4.79252,
1333929600,4.7899,5.03,4.73001,4.96892,
1334534400,4.969,5.48,4.90988,5.20352,
1335139200,5.20406,5.21799,4.84634,4.90441,
1335744000,4.9138,5.184,4.87003,5.04991,
1336348800,5.05,5.125,4.801,4.92996,
1336953600,4.95089,5.15,4.9,5.09002,
1337558400,5.1,5.165,5.04951,5.13896,
1338163200,5.13,5.279,5.015,5.2051,
1338768000,5.21999,5.66,5.18001,5.46829,
1339372800,5.46829,6.599,5.4324,6.16382,
1339977600,6.2,6.8,6.03,6.35002,
1340582400,6.35002,6.694,6.21748,6.62898,
1341187200,6.6001,6.87,6.4,6.79898,
1341792000,6.7915,7.9,6.74257,7.62101,
1342396800,7.62277,9.7,7.3215,8.4096,
1343001600,8.4321,9.2,7.75,8.71027,
1343606400,8.71027,11.3,8.7,10.86998,
1344211200,10.86987,12,10.63539,11.62399,
1344816000,11.6239,15.4,7.58,8,
1345420800,7.99999,10.62611,7.81011,10.61,
1346025600,10.59,12.14999,9.66,10.2041,
1346630400,10.21,11.29,10.08889,11.02,
1347235200,11.02,11.99,10.78,11.87,
1347840000,11.87,12.68666,11.6304,12.19331,
1348444800,12.151,12.49,11.95105,12.4,
1349049600,12.35,13.0899,11.7,11.80001,
1349654400,11.89901,12.35,10.621,11.7389,
1350259200,11.57621,11.99,11.43,11.63107,
1350864000,11.63108,12,9.74,10.69998,
1351468800,10.69998,11.279,10.3209,10.80011,
1352073600,10.80011,11.21603,10.61,10.8687,
1352678400,10.84001,11.832,10.76666,11.65152,
1353283200,11.66468,12.6,11.57297,12.4821,
1353888000,12.48211,12.68778,11.89,12.50004,
1354492800,12.50202,12.50202,12.50004,12.50004,
1355097600,13.388,13.90119,13,13.30002,
1355702400,13.3,13.72,12.74919,13.31202,
1356307200,13.3718,13.67,13.14,13.45001,
1356912000,13.39112,13.561,13.16123,13.45395,
1357516800,13.51394,14.34999,13.404,14.11601,
1358121600,14.19,15.985,13.99178,15.7,
1358726400,15.7,19.18999,15.38613,17.81821,
1359331200,17.81821,21.43,17.75,20.59,
1359936000,20.59999,24.11,19.85502,23.96975,
1360540800,23.96975,27.5969,21.721,26.8146,
1361145600,26.89999,31.3,26.36268,29.88999,
1361750400,29.89,34.9,29.55,34.49999,
1362355200,34.49999,49.099,33.3,46,
1362960000,46,48.469,36.65,47.4,
1363564800,47.4,74.9,47.12009,71.5,
1364169600,71.50001,95.7,69.51777,93.03001,
1364774400,93.25,164.9,92.2361,162.30102,
1365379200,163.83899,266,54.25,89.99999,
1365984000,90,136.4321,50.01,119.2,
1366588800,118.5,166.43438,118.5,134.44444,
1367193600,134.4,149.08,79,115.98,
1367798400,115.9372,124.9,97.52,114.82002,
1368403200,114.82,125.5555,103.01847,122.5,
1369008000,122.5,136,120.1,133.5,
1369612800,133.5,135.47,115,122.5,
1370217600,122.49962,123.99,88,100.43743,
1370822400,101,112.25,95,99.9,
1371427200,99.9,115.005,98.9,108.2,
1372032000,107.60002,109.98,92.25,97.51,
1372636800,97.50888,98.1801,65.42448,76.5,
1373241600,76.5,104.17188,72.46,94.41986,
1373846400,94.33999,101.94,86.2,91.998,
1374451200,91.98,100.5771,89.8,98.78002,
1375056000,98.78009,111.65202,98.45,105.12,
1375660800,105.12,107.77,100.95969,105,
1376265600,105,115,103.5,113.38,
1376870400,113.395,125,111.771,122.11102,
1377475200,122.111,148.7,119.91611,146.01003,
1378080000,146.01005,148.90893,121.25,126.31501,
1378684800,126.31502,145.9,124,138.3002,
1379289600,138.4,142.23,131,134.00001,
1379894400,134.9,145.81,132,143.88402,
1380499200,143.89402,145.81,109.7,137.8,
1381104000,137.01002,147.65,135.12,147.53,
1381708800,147.53,195.83267,144.20004,186.12,
1382313600,186.12,233.4,175.30001,207.0001,
1382918400,207.5,226.959,200.42,224.01001,
1383523200,224.7,395,222,336.33101,
1384128000,341.0302,536.777,321.41,528.31991,
1384732800,528,900.97998,453.29,795,
1385337600,795.00166,1242,758.95852,1004.42392,
1385942400,1005,1240,576,804.00001,
1386547200,810.98,1067.99999,787.75,920,
1387152000,916,925,455,629,
1387756800,629,764,617.61,728.3,
1388361600,726.38,939.8,710.02,910,
1388966400,909.71,995,765,827.24,
1389571200,827.24,850.25,765.03,835.9,
1390176000,836,844.99,767.23,812.5,
1390780800,812.7,829,726.5,814,
1391385600,812.05,829,620,694,
1391990400,693.5,721.35,450.13,625,
1392595200,625,664,530,607,
1393200000,606.9999,609,400,565.37191,
1393804800,566,719.25,563,638.5,
1394409600,638.52,654,606,633,
1395014400,632,632.5,550.09,558,
1395619200,557.8884,593.25,436.2,460.9999,
1396224000,460.6,513.9,415.46,458.78,
1396828800,458.5,461,340,418,
1397433600,417.6,547,406.4,500.9501,
1398038400,501.3551,515.646,427.55,429.99,
1398643200,429.99,463.53,423.11,435.0413,
1399248000,438.587999,459.65,419.4,437.97,
1399852800,437.45,453,431.8,447.4,
1400457600,447.6,586,444.1,573.99,
1401062400,574.55,680,551,626.42,
1401667200,631.97,685,615,658.7,
1402272000,658.7,672,522.15,593.89,
1402876800,593.61,619.6,582.1,603.4,
1403481600,603.39,607.21,560.53,601.95,
1404086400,601.5,665,598.4,637.38,
1404691200,637.76,642.79,608.43,629.49,
1405296000,629.6,633.6,611.21,624,
1405900800,624,624.95,589,591.55,
1406505600,591.5,605.72,561.47,585.71,
1407110400,587,598.88,574.01,588.61,
1407715200,587.97,588.7,451,497.4,
1408320000,497.57,534.89,443,510.82,
1408924800,511.41,522.8,471.65,477.81,
1409529600,477.84,497.24,468.82,479.88,
1410134400,479.88,489.99,463,476.5,
1410739200,477.12,480.3,381.5,399.21,
1411344000,400.03,447.11,365,376.7,
1411948800,375.93,398.7,275,319.9,
1412553600,319.9,387.13,301,378.05,
1413158400,378.05,414.42,368.24,388.02,
1413763200,388.08,394,337.65,353.01,
1414368000,353.07,359.47,315.54,323.82,
1414972800,323.8,364.12,321,362.61,
1415577600,362.6,475,356.33,391.65,
1416182400,391.8,413.48,340,368.25,
1416787200,368,396.87,355.51,379.89,
1417392000,379.67,387.99,366.1,376.02,
1417996800,376.29,378.34,335.7,353.65,
1418601600,353.7,354.6,302.32,320.79,
1419206400,321.19,337.79,310,316.94,
1419811200,316.96,322.9,255.03,264.19,
1420416000,264.04,303.33,263.75,267.27,
1421020800,267.54,274.44,166.45,211.03,
1421625600,210.98,259.39,203.7,254.73,
1422230400,254.72,315,211.02,226.92,
1422835200,226.86,248.42,210.12,223.85,
1423440000,224.13,268.54,214,235.88,
1424044800,235.34,248.98,228.62,236.5,
1424649600,236.5,266.91,232.61,262.4,
1425254400,262.47,294,258.98,275.59,
1425859200,275.58,303.96,275.01,286.9,
1426464000,286.71,295.2,246.98,268.82,
1427068800,268.6,271.5,235.7,242.74,
1427673600,242.9,261.25,236.24,260.5,
1428278400,260.75,262.45,230.75,236.38,
1428883200,236.21,237.7,216.37,222.16,
1429488000,222.28,238.99,213.92,219.7,
1430092800,219.73,243.73,218.24,240.57,
1430697600,240.69,249.22,226.42,240.73,
1431302400,240.8,245.49,232.1,236.15,
1431907200,236.25,242.98,229,240.96,
1432512000,240.92,241.12,227,228.7,
1433116800,228.38,230.89,219.71,223.26,
1433721600,223.29,235.44,223.25,233.54,
1434326400,233.5,259.1,233.35,244.25,
1434931200,244.25,252.06,239,248.71,
1435536000,248.71,275.88,248.57,271.96,
1436140800,271.82,316.23,262.61,311.14,
1436745600,311.14,312,272,275.04,
1437350400,275.04,294.57,273.5,293.01,
1437955200,293,298.93,276.26,282.44,
1438560000,282.44,287.05,260.62,265.58,
1439164800,265.69,273.75,256.5,259.9,
1439769600,259.9,262.37,162,228.53,
1440374400,228.1,238.9,196.6,229.99,
1440979200,229.99,248.48,225.31,240.97,
1441584000,241,247.68,228.95,230.96,
1442188800,231.11,236.26,227.33,232.12,
1442793600,232.11,237.7,224.25,233.37,
1443398400,233.37,241.5,233.37,239.5,
1444003200,239.47,249.01,236.24,247.99,
1444608000,247.92,275.19,244,265.01,
1445212800,265.29,295.99,262.35,284.79,
1445817600,284.7,336,282.25,330.23,
1446422400,330.23,504,326.8,374.1,
1447027200,374.52,388.99,300.28,320.52,
1447632000,320.8,342.5,309.46,324.66,
1448236800,324.66,376,315.55,373.89,
1448841600,373.84,407.57,346.13,390.6,
1449446400,390.88,475.04,384.53,433.36,
1450051200,432.91,469.99,427.3,442.62,
1450656000,442.62,460.05,405.5,422.32,
1451260800,421.82,436.49,412.5,428.39,
1451865600,428.63,465,425.03,449.35,
1452470400,449.34,452.49,352.5,382.02,
1453075200,382.11,428,371.25,402.77,
1453680000,402.76,402.77,360.03,365.52,
1454284800,365.58,393.89,363.23,372.01,
1454889600,372.26,408.66,369.01,408.3,
1455494400,408.3,451.6,395.23,440.49,
1456099200,440.49,442.67,409.69,434.45,
1456704000,434.46,445,389,403.75,
1457308800,403.77,423.6,401.51,411.87,
1457913600,412,420.6,403.01,411.25,
1458518400,410.81,431,406,427.36,
1459123200,427.34,427.99,406.51,420.6,
1459728000,420.99,425,412,421.32,
1460332800,421.32,435.67,418.8,428.51,
1460937600,428.51,464.99,426.52,463.02,
1461542400,463.33,471.99,435,451.11,
1462147200,451.12,466,436,459.87,
1462752000,459.88,465.4,445.01,457.89,
1463356800,457.95,458.95,433,437.48,
1463961600,437.4,570,436.51,531,
1464566400,529.97,593.89,518,574.02,
1465171200,574.01,685,561.3,672,
1465776000,671.98,789.78,656.51,767.3,
1466380800,767.31,767.77,555.56,639.4175,
1466985600,632.51,703.4225,624.51,659.085,
1467590400,659.2375,682.3525,609.98,650.315,
1468195200,650.9325,683.8875,644.86625,680.4525,
1468800000,680.1025,683.38725,645.46375,662.4515,
1469404800,662.0225,663.0125,620.50275,624.22,
1470009600,624.22,626.364,474.82,594.2525,
1470614400,594.2525,600.7475,562.6225,571.5025,
1471219200,571.4975,583.4925,559.9825,580.055,
1471824000,580.0675,587.09575,566.92275,574.41075,
1472428800,574.41075,613.215,568.70875,608.2625,
1473033600,608.7675,630.5175,593.4955,607.069,
1473638400,606.7325,611.605,604.45325,610.09475,
1474243200,610.09475,611.3175,592.633,600.1595,
1474848000,600.152,615.59,599.3525,610.80925,
1475452800,610.81425,619.4125,608.48325,615.745,
1476057600,615.74725,642.74,614.87125,640.9375,
1476662400,640.9825,660.29875,625.33525,651.99325,
1477267200,651.99575,720.315,646.79,698.44925,
1477872000,698.44425,745.8795,674.74925,713.39925,
1478476800,713.40175,742.01475,685.29775,702.0125,
1479081600,702.0125,755.0925,697.33525,729.02925,
1479686400,728.96175,750.1375,725.505,728.71,
1480291200,728.69875,779.189,728.38,766.17,
1480896000,766.1575,776.0725,745.93075,770.61025,
1481500800,770.61025,791.35,769.03025,790.95525,
1482105600,790.51225,919.87,788.8,895.14225,
1482710400,895.09475,1003.07925,893.2565,996.34775,
1483315200,997.19425,1152.19975,817.1625,915.99975,
1483920000,915.68975,921.90675,750.82475,827.50975,
1484524800,827.5295,940.0945,823.73325,926.2425,
1485129600,925.7975,928.315,882.9965,914.968,
1485734400,915.2525,1042.68025,913.4325,1014.2965,
1486339200,1014.03,1078.15775,940.79025,1004.87925,
1486944000,1004.88075,1069.40925,983.6975,1055.5025,
1487548800,1055.497,1214.95425,1047.73025,1178.2475,
1488153600,1178.6,1292.4275,1163.49,1273.4885,
1488758400,1272.646,1330.9675,977.5025,1229.79975,
1489363200,1229.67225,1261.7895,938.925,1016.50675,
1489968000,1012.5125,1116.235,889.28775,965.52375,
1490572800,964.745,1112.1785,956.555,1101.72725,
1491177600,1101.1815,1218.287,1101.15775,1209.5625,
1491782400,1209.211,1231.6425,883.6215,1174.827,
1492387200,1174.736,1255.10725,1171.85775,1246.07,
1492992000,1246.0525,1365.00775,1241.2935,1362.02675,
1493596800,1361.5115,1638.1375,1355.475,1567.7285,
1494201600,1568.2035,1887.49725,1566.1525,1791.51,
1494806400,1791.0825,2088.00425,1692.27,2027.914,
1495411200,2026.94175,2754.82825,1878.5375,2194.89325,
1496016000,2192.41325,2590.23725,2113.45775,2523.05775,
1496620800,2523.44,2962.436,2520.065,2959.51975,
1497225600,2959.5215,2973.53,2078.68475,2512.4655,
1497830400,2513.206,2777.147,2425.7625,2498.21975,
1498435200,2498.899,2598.0425,2270.84125,2508.61025,
1499040000,2507.23275,2636.4125,2467.5575,2502.82275,
1499644800,2503.035,2521.595,1799.3185,1910.16225,
1500249600,1909.64,2944.9775,1909.6175,2756.4875,
1500854400,2758.61,2829.16475,2406.7875,2753.8375,
1501459200,2754.68475,3338.805,2642.4075,3224.683,
1502064000,3223.681,4190.486,3188.01325,4061.17,
1502668800,4061.17,4475.5,3815.2525,4059.4735,
1503273600,4058.90275,4453.25,3605.49,4339.2825,
1503878400,4338.187,4976.225,4192.61725,4621.195,
1504483200,4620.55,4683.4925,4094.0275,4252.04,
1505088000,4252.0875,4380.3825,2979.29,3704.605,
1505692800,3704.5475,4119.175,3517.7075,3668.48,
1506297600,3668.5025,4387.42,3666.3475,4386.1175,
1506902400,4385.195,4611.135,4148.32,4598.9925,
1507507200,4599.5925,5849.17,4552.9325,5687.0025,
1508112000,5686.3575,6180.65,5111.495,5986.655,
1508716800,5983.725,6277.7175,5383.095,6135.035,
1509321600,6135.395,7595.945,6029.0825,7384.79,
1509926400,7383.5975,7859.41,5504.3575,5871.5225,
1510531200,5861.4375,8069.8825,5824,8023.845,
1511136000,8023.8475,9454.8775,7811.635,9288.17,
1511740800,9290.1525,11827.7475,9093.32,11251.5775,
1512345600,11253.3025,17237.6425,10927.5,15037.4975,
1512950400,15037.47,19785.225,14987.5725,19128.2725,
1513555200,19128.3225,19286.4725,10853.8575,14059.955,
1514160000,14047.4525,16490.855,12297.5,13888.3225,
1514764800,13888.35,17203.9625,12901.595,16144.1975,
1515369600,16154.5375,16238.135,12863.84,13660.4225,
1515974400,13660.3975,14340.385,9144.25,11541.66,
1516579200,11533.6325,11892.7475,9968.15,11621.1475,
1517184000,11618.87,11696.7,7593.5625,8163.0125,
1517788800,8164.595,9076.25,5894.085,8067.4975,
1518393600,8072.7625,11292.8625,8067.6425,10408.5275,
1518998400,10413.595,11767.5225,9305.925,9590.7575,
1519603200,9592.1075,11509.25,9393.7775,11478.115,
1520208000,11479.9675,11660.37,8376.5025,9531.515,
1520812800,9534.0825,9894.15,7318.255,8190.1825,
1521417600,8194.5075,9182.975,8104.895,8452.085,
1522022400,8453.6575,8496.2725,6442.4125,6812.6375,
1522627200,6815.535,7514.135,6511.87,7021.1225,
1523232000,7023.35,8407.9975,6612.7225,8357.55,
1523836800,8360.46,9042.33,7812.28,8799.1925,
1524441600,8793,9757.9425,8643.385,9396.8725,
1525046400,9396.505,9947.075,8827.3225,9607.08,
1525651200,9606.715,9623.775,8221.0175,8691.595,
1526256000,8693.46,8890.145,7927.11,8517.3525,
1526860800,8518.55,8588.5225,7217.2675,7342.2625,
1527465600,7342.575,7784.65,7047.96,7709.2075,
1528070400,7711.3325,7755.2775,6638.8,6772.345,
1528675200,6772.42,6910.8125,6125.01,6446.43,
1529280000,6446.3575,6839.0425,5750.555,6150.87,
1529884800,6149.015,6521.69,5784.4,6347.705,
1530489600,6346.33,6837.225,6271.56,6703.5375,
1531094400,6702.955,6807.3775,6073.8275,6345.355,
1531699200,6349.0475,7682.6725,6331.7325,7398.9675,
1532304000,7397.8875,8481.5825,7375.7875,8215.66,
1532908800,8215.5575,8279.9475,6886.575,7030.395,
1533513600,7030.89,7166.2075,5997.0575,6314.31,
1534118400,6313.2675,6630.7425,5889,6484.53,
1534723200,6485.1425,6903.49,6226.955,6706.6875,
1535328000,6706.605,7331.2375,6652.0175,7291.145,
1535932800,7291.5,7404.1925,6191.53,6289.405,
1536537600,6290.62,6552.6175,6239.2225,6487.8875,
1537142400,6488.6625,6735.3375,6192.3125,6638.72,
1537747200,6639.0575,6707.7125,6357.295,6565.645,
1538352000,6565.565,6596.69,6412.2675,6572.825,
1538956800,6572.1375,6665.34,6056.6275,6182.4575,
1539561600,6182.325,6782.975,6152.2675,6412.975,
1540166400,6413.2125,6467.895,6355.14,6405.5225,
1540771200,6405.1675,6464.3425,6202.1975,6422.5075,
1541376000,6424.1275,6542.8675,6273.7475,6358.58,
1541980800,6357.94,6383.8625,5198.475,5560.145,
1542585600,5558.6075,5560.8775,3465.385,3935.5125,
1543190400,3934.365,4418.2775,3516.245,4102.0975,
1543795200,4101.76,4117.88,3210.21,3532.5225,
1544400000,3532.365,3591.6675,3125.8975,3192.87,
1545004800,3192.275,4175.0175,3183.1525,3944.385,
1545609600,3946.755,4237.6875,3567.6325,3831.0375,
1546214400,3831.2325,4082.9275,3624.6325,4040.9525,
1546819200,4040.925,4113.205,3470.895,3514.2175,
1547424000,3515.0625,3798.895,3475.0275,3534.25,
1548028800,3535.4675,3659.7325,3422.5425,3531.82,
1548633600,3531.8075,3535.91,3336.54,3415.1975,
1549238400,3415.5825,3709.54,3334.485,3648.38,
1549843200,3649.3475,3670.9675,3533.8025,3625.62,
1550448000,3625.77,4188.695,3617.595,3732.395,
1551052800,3733.3925,3901.195,3654.1475,3787.94,
1551657600,3787.995,3946.9775,3672.4975,3898.95312045,
1552262400,3899.2425,4038.235,3780.7325,3965.74,
1552867200,3965.7975,4058.8625,3907.6975,3970.085,
1553472000,3969.7925,4130.34,3857.9075,4095.32,
1554076800,4094.2825,5348.0025,4052.07,5193.965,
1554681600,5194.5225,5469.535,4909.4075,5161.725,
1555286400,5161.635,5359.9925,4946.7275,5296.6375,
1555891200,5296.14,5631.78,4962.2325,5157.275,
1556496000,5155.3,5841.4175,5071.9525,5714.345,
1557100800,5716.1625,7582.64,5565.4425,6976.065,
1557705600,6970.955,8382.2375,6511.1025,8196.835,
1558310400,8195.7525,8788.4025,7469.7625,8737.8225,
1558915200,8737.1525,9093.925,7992.4,8739.8225,
1559520000,8737.2425,8744.4075,7433.43,7638.2825,
1560124800,7636.7475,9387.9875,7522.6825,8978.795,
1560729600,8975.545,11254.715,8935.1825,10830.4725,
1561334400,10826.6,13859.7025,10299.75,10754.915,
1561939200,10756.975,12059.925,9653.4575,11475.0375,
1562544000,11478.405,13195.385,10222.625,10299.7,
1563148800,10296.3475,11118.56,9077.2325,10594.06,
1563753600,10595.26,10687.335,9112.6225,9530.3275,
1564358400,9532.8375,11084.9425,9370.955,10977.9675,
1564963200,10980.5325,12326.6025,10979.3825,11530.865,
1565568000,11536.2775,11552.0775,9476.2725,10319.71,
1566172800,10319.355,10953.665,9756.5875,10136.39,
1566777600,10143.4875,10671.6025,9318.6325,9768.0175,
1567382400,9768.075,10950.9725,9756.425,10403.6725,
1567987200,10396.9375,10537.5575,9865.0025,10309.045,
1568592000,10309.98,10378.5325,9604.5875,10026.9475,
1569196800,10027.4225,10047.12,7726.9625,8052.3225,
1569801600,8056.045,8534.375,7705.3,7859.23,
1570406400,7862.8675,8847.7775,7767.4025,8280.48,
1571011200,8279.3375,8417.52,7815.45,8234.765,
1571616000,8235.9125,10515.9225,7291.8075,9549.05,
1572220800,9550.9825,9937.995,8956.3075,9205.705,
1572825600,9206.825,9596.625,8666.565,9033.985,
1573430400,9035.32,9067.91,8366.9325,8500.63,
1574035200,8500.9325,8503.1525,6779.4375,6908.4475,
1574640000,6906.5825,7867.225,6526.6175,7403.8775,
1575244800,7407.6975,7792.265,7082.7175,7523.3275,
1575849600,7520.8875,7659.715,7008.8775,7114.98,
1576454400,7114.755,7522.975,6432.1325,7511.47,
1577059200,7517.5525,7690.23,7025.655,7387.9625,
1577664000,7382.7925,7491.835,6857.05,7352.6925,
1578268800,7351.62,8464.4025,7344.7775,8178.0025,
1578873600,8180.7775,9182.9275,8040.215,8700.1475,
1579478400,8700.5775,8791.005,8219.2875,8590.48,
1580083200,8596.5925,9567.7575,8557.0475,9324.0225,
1580688000,9320.7925,10176.2575,9077.9875,10167.7075,
1581292800,10166.69,10510.0525,9617.6525,9922.8975,
1581897600,9921.6375,10305.11,9307.4275,9968.39,
1582502400,9970.12,10026.2475,8406.2525,8527.415,
1583107200,8521.375,9217.95,8000.86,8036.475,
1583712000,8037.4375,8186.585,3883.7525,5343.135,
1584316800,5346.805,6953.765,4427.6875,5824.085,
1584921600,5817.7525,6983.76,5691.84,5876.4525,
1585526400,5878.2075,7265.46,5854.3525,6777.015,
1586131200,6777.865,7469.58,6751.2875,6906.54,
1586736000,6906.2925,7304.32,6469.8825,7130.2775,
1587340800,7128.9325,7774.8625,6755.955,7703.1325,
1587945600,7706.215,9478.3525,7636.03,8908.385,
1588550400,8913.4975,10078.295,8086.295,8726.06,
1589155200,8730.695,9946.5675,8189,9670.7075,
1589760000,9681.9,9956.7475,8673.675,8716.09,
1590364800,8712.855,9752.0975,8636.7325,9448.95,
1590969600,9446.96,10413.065,9273.88,9752.5925,
1591574400,9756.0075,10010.1675,9065.3425,9329.6975,
1592179200,9330.565,9591.59,8900.6275,9285.9675,
1592784000,9287.1825,9789.2375,8820.86,9116.235,
1593388800,9116.4575,9298.875,8909.995,9078.89,
1593993600,9078.75,9476.5325,9063.5525,9302.385,
1594598400,9303.9125,9351.015,9022.425,9213.99,
1595203200,9215.165,10179.4275,9135.1375,9942.845,
1595808000,9941.6225,12121.61,9937.0775,11066.14,
1596412800,11071.575,11920.0825,10895.7775,11687.8175,
1597017600,11688.64,12087.03,11128.8775,11918.0375,
1597622400,11920.0225,12478.8375,11368.5,11650.9875,
1598227200,11653.5025,11825.82,11113.87,11713.08,
1598832000,11714.0825,12067.3025,9849.325,10258.09,
1599436800,10258.355,10579.535,9836.43,10335.125,
1600041600,10336.025,11180.7775,10252.8975,10921.11,
1600646400,10920.915,10992.5425,10137.0775,10777.975,
1601251200,10779.07,10952.065,10379.44,10673.18,
1601856000,10671.41,11496.96,10527.8125,11375.2725,
1602460800,11375.1175,11730.81,11192.65,11513.1325,
1603065600,11513.85,13358.06,11416.7925,13042.115,
1603670400,13042.86,14095.095,12785.0975,13768.1925,
1604275200,13768.7125,15971.91,13219.33,15484.175,
1604880000,15483.03,16490.5875,14821.125,15969.7475,
1605484800,15970.3225,18978.125,15880.955,18442.9925,
1606089600,18440.27,19499.825,16210.5675,18197.3175,
1606694400,18201.185,19919.2775,18106.75,19382.2675,
1607299200,19379.3375,19432.1425,17575.405,19164.8025,
1607904000,19160.14,24298.685,18995.4025,23478.995,
1608508800,23477.04,28377.5525,21894.5975,26259.1225,
1609113600,26244.505,34789.0725,25840.645,33096.3175,
1609718400,33087.9125,41993.5625,27741.085,38173.345,
1610323200,38170.4125,40117.0575,30265.99,35822.635,
1610928000,35821.3125,37862.615,28966.5475,32291.01,
1611532800,32293.7375,38619.21,29196.99,33138.715,
1612137600,33128.5375,41002.87,32329.08,38868.57,
1612742400,38877.0325,49702.79,38060.94,48660.45,
1613347200,48652.725,58372.285,45805.93,57492.04,
1613952000,57489.645,57576.72,43022.665,45238.64,
1614556800,45247.535,52664.005,45046.505,50977.285,
1615161600,50978.235,61768.795,49336.99,58997.37,
1615766400,58976.94,60583.1975,53236.9875,57378.6275,
1616371200,57389.9675,58433.005,50375.5025,55786.5525,
1616976000,55787.1175,60070.765,54900.515,58210.9525,
1617580800,58211.5525,61207.0475,55438.965,59975.28,
1618185600,59980.3525,64898.555,51597.7125,56271.87,
1618790400,56257.9175,57612.065,47020.9125,49123.22,
1619395200,49123.6625,58538.5575,48817.06,56625.7675,
1620000000,56617.0825,59546.02,52946.1525,58303.4025,
1620604800,58324.56,59594.7475,43796.375,46456.4725,
1621209600,46453.9,46644.6125,29876.05,34730.7875,
1621814400,34737.5725,40889.7,33409.8625,35676.71,
1622419200,35670.66,39484.6825,34196.4875,35803.195,
1623024000,35802.6825,39394.805,31011.84,39026.525,
1623628800,39026.76,41335.225,33351.2325,35592.295,
1624233600,35593.3025,35749.11,28804.4,34690.9775,
1624838400,34706.3675,36650.9475,32711.0625,35293.315,
1625443200,35283.9775,35287.76,32106.4,34251.9575,
1626048000,34265.07,34670.7275,31028.84,31784.15,
1626652800,31789.0925,35446.245,29293.86,35428.2675,
1627257600,35430.06,42604.7975,35263.77,39867.6725,
1627862400,39872.8,45363.41,37316.515,43842.615,
1628467200,43835.855,48178.0075,42820.3725,47022.2825,
1629072000,47021.725,49814.37,43960.1375,49288.8975,
1629676800,49291.6275,50518.98,46299.31,48800.0725,
1630281600,48794.5675,51898.5725,46536.1875,51791.6375,
1630886400,51791.6625,52935.0525,42613.7525,46038.8925,
1631491200,46040.8925,48817.1475,43415.665,47249.3475,
1632096000,47252.6175,47335.07,39585.5525,43194.81,
1632700800,43171.7475,49252.37,40759.845,48235.595,
1633305600,48232.78,56533.9,46914.845,54696.93,
1633910400,54677.15,62901.595,53928.4425,61532.1675,
1634515200,61527.5475,66993.3475,59521.5,60875.2975,
1635120000,60862.755,63709.4975,57394.72,61357.63,
1635724800,61359.0625,64307.2575,59484.82,63312.7675,
1636329600,63313.0675,68997.75,62523.145,65502.47,
1636934400,65502.4725,66354.41,55900.045,58666.18,
1637539200,58669.22,59442.02,53317.32,57322.77,
1638144000,57319.83,59239.19,41631.28,49467,
1638748800,49472.65,51980.92,46783.75,50109.38,
1639353600,50096.29,50220,45478.01,46696.22,
1639958400,46682.33,51862.22,45581.22,50799.86,
1640563200,50818.91,52103.63,45621.85,47317.13,
1641168000,47300.8,47577.04,40528.45,41868.49,
1641772800,41866.9,44443.4,39656.48,43171.39,
1642377600,43174.04,43476.37,36346.07,38053.15,
1642982400,38046.45,39732.91,35534.99,37923.56,
1643587200,37913.28,42703.12,36267.05,42417.63,
1644192000,42419.63,45866.71,41690.24,42073.76,
1644796800,42074.56,44776.31,37994.3,38386.55,
1645401600,38391.53,40308.98,34329.29,37711.29,
1646006400,37712.31,45352.71,37461.68,38423,
1646611200,38412.97,42592.68,37166.86,37790.82,
1647216000,37785.75,42403.4,37572.55,41277.41,
1647820800,41291.68,46948.42,40518.67,46856.67,
1648425600,46852.57,48222.96,44245.62,46415.99,
1649030400,46420.72,47190.3,41869.98,42155.88,
1649635200,42161.99,42417.21,39219.44,39687.65,
1650240000,39674.59,42974.36,38556.58,39465.69,
1650844800,39460.95,40794.43,37403.24,38479.3,
1651449600,38475.51,40032.42,33708.62,34027.56,
1652054400,34035.88,34225.88,25365.62,31293.29,
1652659200,31287.47,31288.29,28602.82,30264.11,
1653264000,30260.6,30630.21,27939.02,29449.54,
1653868800,29451.01,32384.54,29239.09,29899.4,
1654473600,29902.42,31737.04,26517.39,26565.12,
1655078400,26546.5,26849.82,17591.96,20552.98,
1655683200,20550.63,21867.79,19631.43,21029.53,
1656288000,21026.47,21517.6,18608.03,19292.67,
1656892800,19294.22,22452.18,19033.98,20843.12,
1657497600,20845.93,21662.48,18904.41,20793.29,
1658102400,20790.02,24277.96,20761.84,22586.22,
1658707200,22586.23,24675.03,20709.26,23315.95,
1659312000,23304.94,23645.97,22402.03,23181.62,
1659916800,23179.86,25045.61,22676.61,24314.02,
1660521600,24315.41,25207.71,20765.5,21495.97,
1661126400,21519.23,21902.85,19522.36,19550.11,
1661731200,19553.98,20573.94,19549.2,20004.08,
1662336000,20006.61,21861.83,18535.47,21839.13,
1662940800,21834.42,22789.75,19322.35,19420.94,
1663545600,19421.18,19910.47,18151.31,18808.52,
1664150400,18807.41,20379.09,18478.88,19057.33,
1664755200,19061.28,20470.34,18972.41,19445.94,
1665360000,19442.08,19946.71,18164.48,19263.43,
1665964800,19262.52,19699,18660.53,19570.93,
1666569600,19570.86,21067.55,19166.9,20628.62,
1667174400,20628.25,21472.01,20042.74,20914.74,
1667779200,20910.54,21068.96,15597.07,16309.05,
1668384000,16308.39,17145.88,15796.83,16255.15,
1668988800,16255.1,16786.79,15479.42,16424.41,
1669593600,16424.37,17263.68,16002.66,17113.75,
1670198400,17113.5,17421.22,16706.03,17091.9,
1670803200,17090.12,18365.03,16547.31,16745.81,
1671408000,16746.1,17014.17,16273.92,16828.9,
1672012800,16828.95,16962.26,16337.47,16613.48,
1672617600,16613.59,17158.47,16550.33,17124.86,
1673222400,17124.86,21322.68,17108.31,20884.18,
1673827200,20884.77,23354.14,20404.71,22717.7,
1674432000,22716.76,23955.61,22334.22,23750.97,
1675036800,23750.61,24258.14,22508.73,22938.34,
1675641600,22938.19,23444.46,21475.49,21787.12,
1676246400,21787.3,25249.69,21375.49,24288.51,
1676851200,24287.89,25254.28,22761.85,23558.98,
1677456000,23559.82,23984.14,22001.13,22428.98,
1678060800,22428.81,22595.64,19569,22242.23,
1678665600,22237.22,28462.78,21953.91,28051.94,
1679270400,28053.22,28910.47,26675.15,28001,
1679875200,27999.24,29175.12,26535.12,28189.84,
1680480000,28189.84,28782.17,27238.31,28336.98,
1681084800,28337.3,31043.23,28182.66,30320.82,
1681689600,30318.87,30470.98,27137.06,27592.89,
1682294400,27592.83,30021.99,26978.53,29240.15,
1682899200,29239.94,29840.44,27670.88,28462.89,
1683504000,28465.68,28665.22,25827.1,26927.54,
1684108800,26927.54,27673.28,26367.57,26752.43,
1684713600,26751.74,28258.03,25876.46,28079.34,
1685318400,28079.09,28457.93,26512.9,27121.86,
1685923200,27122.87,27388.7,25361.81,25935.88,
1686528000,25935.52,26783.01,24757.79,26338.83,
1687132800,26338.8,31414.77,26263.89,30473,
1687737600,30473,31267.44,29464.25,30617.86,
1688342400,30617.87,31510.38,29763.37,30170.46,
1688947200,30170.43,31827.16,29945.32,30245.6,
1689552000,30244.83,30413.8,29535.92,30085.1,
1690156800,30084.6,30095.89,28862.62,29279.33,
1690761600,29279.19,30020.79,28624.48,29039.93,
1691366400,29039.95,30198.21,28659.42,29280.68,
1691971200,29281.26,29657.64,25635.74,26189.37,
1692576000,26189.43,26796.9,25376.45,26090.67,
1693180800,26090.67,28133.3,25329.84,25968.69,
1693785600,25968.69,26431.34,25381.67,25831.23,
1694390400,25832.7,26881,24919.64,26535.25,
1694995200,26535.28,27490.11,26147.07,26250.5,
1695600000,26249.8,28045.98,25989.83,27980.6,
1696204800,27981.98,28584.79,27178.84,27933.75,
1696809600,27933.75,27997.61,26537.83,27172.86,
1697414400,27172.86,30347.33,27129.69,29998.27,
1698019200,29998.09,35132.75,29902.22,34535.73,
1698624000,34535.71,35951.02,34059.09,35042.56,
1699228800,35043.15,37973.94,34543.83,37071.80915969,
1699833600,37075.94,37972.75,34963.82,37377.58,
1700438400,37377.21,38409.39,35658.37,37465.83,
1701043200,37465.22,40203.62,36741.24,39988.27,
1701648000,39988.18,44715.44,39986.31,43801.2,
1702252800,43801.2,43807.06,40234.37,41343.51,
1702857600,41343.98,44394.85,40514.87,43005.68,
1703462400,43007.66,43819.77,41372.34,42284.71,
1704067200,42284.71,45894.23,40879.06,43947.06,
1704672000,43947.19,48965.41,41527.04,41732.68,
1705276800,41733.73,43536.86,40266.02,41551.57,
1705881600,41551.55,42825.71,38514.16,42031.95,
1706486400,42031.74,43844.66,41813.82,42570.33,
1707091200,42570.33,48592.66,42241.35,48312.66,
1707696000,48312.59,52858.48,47730.53,52147.67,
1708300800,52148.37,52985.33,50504.22,51726.87,
1708905600,51726.32,63999.4,50909.73,63153.53,
1709510400,63153.35,70086.7,59458.63,69090.75,
1710115200,69090.75,73805.27,64504.09,68343.27,
1710720000,68343.39,68884.47,60761.07,67208.32,
1711324800,67208.06,71726.51,66389.3,71316.08,
1711929600,71316.94,71317.03,64526.68,69374.42,
1712534400,69374.42,72753.16,60778.99,65742.41,
1713139200,65742.41,66883.36,59644.25,64962.24,
1713744000,64962.24,67232.58,62414.01,63075.21,
1714348800,63075.93,64699.48,56537.33,64019.93,
1714953600,64019.14,65490.54,60207.13,61464.48,
1715558400,61463.73,67694.37,60738.23,66282.99,
1716163200,66283.86,71954.66,66059.46,68495.95,
1716768000,68495.95,70630.13,66657.17,67711.82,
1717372800,67711.81,71933.05,67578.31,69635.98,
1717977600,69635.97,70168.32,65048.82,66638.01,
1718582400,66637.99,67248.14,63158.89,63182.54,
1719187200,63182.55,63322.27,58500.49,62671.75,
1719792000,62672.04,63750.62,53542.23,55865.04,
1720396800,55864.9,61407.54,54293.09,60809.78,
1721001600,60809.78,68377.41,60673.03,68182.41,
1721606400,68182.41,69400.91,63460.85,68246.43,
1722211200,68246.44,70015.86,57225.71,58124.67,
1722816000,58125.11,62713.56,49111.87,58723.62,
1723420800,58723.62,61727.31,56150.16,58435.43,
1724025600,58435.43,64998.01,57836.69,64244.37,
1724630400,64244.05,64499.77,57200.17,57294.41,
1725235200,57294.11,59798.99,52568.05,54861.39,
1725840000,54860.83,60640.45,54588.6,59143.29,
1726444800,59143.29,64128.63,57501.89,63581.79,
1727049600,63582.02,66448.98,62594.77,65610.48,
1727654400,65610.48,65624.51,59863.83,62817,
1728259200,62817,64434.59,58901.8,62850.2,
1728864000,62850.22,69380.74,62434.5,69018.19,
1729468800,69018.19,69488.97,65216.96,67930.66,
1730073600,67930.66,73565.61,67463.27,68748.59,
1730678400,68748.07,81468.34,66813.74,80397.23,
1731283200,80398.01,93322.82,80269.79,89876.59,
1731888000,89878.14,99662.22,89395.29,97985,
1732492800,97985.03,98953.96,90799.17,97244.07,
1733097600,97243.47,104100.85,91950.39,101186.35,
1733702400,101186.35,105133.23,94261.49,104432.4,
1734307200,104432.16,108367.38,92209.51,95129.77,
1734912000,95129.77,99872.4,92445.09,93564.61,
1735516800,93564.61,98868.07,91378.37,98346.45,
1736121600,98345.98,102718.7,91207.21,94506.34,
1736726400,94506.05,106292.15,89294.09,101204.35,
1737331200,101204.35,109396.43,99462.66,102603.67,
1737936000,102604.77,106420.93,96168.04,97676.98,
1738540800,97677.16,102433.41,91266.16,96477.68,
1739145600,96477.68,98833.29,94081.37,96137.19,
1739750400,96135.81,99495.72,93386.63,96267.34,
1740355200,96267.34,96495.74,78219.9,94234.98,
1740960000,94237.87,94415.96,80009.33,80706.8,
1741564800,80706.61,85259.56,76598.73,82581.67,
1742169600,82581.54,87454.58,81157.33,86065.24,
1742774400,86079.47,88761.99,81548.02,82348.9,
1743379200,82349.95,88454.91,77134.59,78389.87,
1743984000,78387.38,86064.58,74458.42,83749.21,
1744588800,83749.68,86456.6,83106.4,85172.78,
1745193600,85172.78,95773.15,85143.4,93770.81,
1745798400,93772.19,97915.45,92839.27,94301.11,
1746403200,94301.12,104985.12,93395.67,104124.52,
1747008000,104125.74,106675.61,100762.99,106483.14,
1747612800,106483.49,112006.33,102127.65,109042.54,
1748217600,109042.15,110758.19,103121.59,105696.24,
1748822400,105696.24,106834.84,100464.15,105788.72,
1749427200,105789.37,110564.76,102747.48,105637.95,
1750032000,105637.95,108953.12,98242.47,100998.11,
1750636800,100998.11,108543.94,99674.67,108396.41,
1751241600,108396.4,110548.25,105145.31,109231.32,
1751846400,109231.32,119502.23,107472.36,119121.48,
1752451200,119121.88,123217.39,115769.79,117328.31,
1753056000,117329.48,120296.21,114786.35,119451.69,
1753660800,119450.36,119821.01,111932.6,114181.51,
1754265600,114181.37,119336.04,112673.88,119317.23,
1754870400,119318.3,124501.31,116884.41,117477.6,
1755475200,117477.6,117616.16,110788.83,113453.43,
1756080000,113452.47,113647.38,107378.13,108259.76,
1756684800,108259.76,113391.61,107265.32,111177.07,
1757289600,111177.32,116695.83,110631.44,115334.81,
1757894400,115336.14,117932.88,114445.46,115295.73,
1758499200,115295.71,115442.86,108679.39,112219.19,
1759104000,112218.94,125686.7,111619.28,123532.34,
1759708800,123533.15,126230.09,103133.52,115080.92,
1760313600,115081,116044.81,103583.99,108687.38,
1760918400,108686.95,115394.18,106781.73,114579.25,
1761523200,114579.25,116381.94,106354.89,110520.97,
1762128000,110521.45,110749.26,98966.03,104711.6,
1762732800,104711.13,107476.16,92986.81,94219.87,
1763337600,94219.33,95959.68,80559.96,86801.03,
1763942400,86801.15,93035.38,85278.23,90398.02,
1764547200,90398,94167.19,83868.1,90428.32,
1765152000,90429.28,94588.14,87641.54,88186.22,
1765756800,88187.87,90326.44,84440.97,88629.25,
1766361600,88627.48,90546.45,86382.25,87884.07,
1766966400,87882.57,91745.75,86746.99,91499.54,
1767571200,91499.54,94741.47,89263.21,90889.61,
1768176000,90886.01,97855.94,90024.66,93642.57,
1768780800,93642.64,93643.24,85960.59,86540.34,
1769385600,86541.06,90464.08,75660.04,76879.88,
1769990400,76879.88,79229.63,59977.59,70296.49,
1770595200,70297.15,71388.56,65084.07,68791.05,
1771200000,68792.32,70075.17,65632.8,67628.73,
1771804800,67628.97,69954.47,62554.13,65771.12,
1772409600,65771.12,74028.02,65294.99,65973.37,
1773014400,65973.37,73901.55,65831.56,72830.09,
1773619200,72830.08,75988.94,67361.48,67852.86,
1774224000,67852.65,71981.87,64955.93,65957.72,
1774828800,65957.72,69212.18,65741.13,69013.72,
1775433600,69013.32,73815.03,67746.37,70754.48,
1776038400,70754.81,78317.64,70566.39,73831.23,
1776643200,73831.42,79483.4,73781.3,78674.83,
1777248000,78674.74,79497.24,74952.5,78569.52,
1777852800,78569.52,82822.89,78210.55,82186.43,
1778457600,82184.04,82361.94,76733.13,77425.55,
1779062400,77425.68,78099.86,74245.07,76961.33,
1779667200,76960.78,77991.86,72438.14,73577.96,
1780272000,73577.96,73981.89,59081.08,63300.89,
1780876800,63300.89,65774.23,60770.42,65726.04,
1781481600,65726.04,67245.59,62225.89,63234.78,
1782086400,63235.31,65548.03,58049.75,59486.64,
1782691200,59486.97,63938.9,57736.97,63591.62,
1783296000,63591.49,64635.23,61273.68,63742.58,
1783900800,63742.58,65517,61786.64,64679.91,
1784505600,64679.82,66890.94,63694.58,65338.49,
1785110400,65338.91,65655.9,62220.07,63505.95,
1785715200,63506.24,64949.41,62232.98,64835.48,